{"cameraMode":{"drawMode":0,"name":"Shaded","section":"Shading Mode"},"sceneLighting":false,"audioPlay":false,"sceneViewState":{"showFog":true,"showMaterialUpdate":false,"showSkybox":false,"showFlares":true,"showImageEffects":true,"showParticleSystems":true},"in2DMode":false,"pivot":{"x":-7.045267105102539,"y":-0.06352424621582031,"z":-9.994302749633789},"rotation":{"x":0.30795708298683169,"y":-0.5097783803939819,"z":0.20192012190818788,"w":0.7775068283081055},"size":12.996230125427246,"orthographic":false}